url,followers,website,youtube,facebook,twitter,instagram,songkick,telegram,tiktok,linkedin,emails,error
https://soundcloud.com/0899,1,,,,,,,,,,,
https://soundcloud.com/089abmc,98,,,https://www.facebook.com/089abmc,,,,,,,,
https://soundcloud.com/08998,7,,,,,,,,,,,
https://soundcloud.com/0897909,7,,,,,,,,,,,
https://soundcloud.com/08994787544,9,,,,,,,,,,,
https://soundcloud.com/08993806391,1,,,https://www.facebook.com/koplo11,,,,,,,,
https://soundcloud.com/089beats,8,,,,,,,,,,,
https://soundcloud.com/08999954535,5,,,,,,,,,,,
https://soundcloud.com/08981256562,15,,,,,,,,,,,
https://soundcloud.com/0899706,66,,,,,,,,,,,
https://soundcloud.com/08981544832,22,,,,,,,,,,,
https://soundcloud.com/08981998,29,,,,,,,,,,,
https://soundcloud.com/08985061918,10,,,,,,,,,,,
https://soundcloud.com/089897678,8,,,,,,,,,,,
https://soundcloud.com/0898me,3,,,,,,,,,,,
https://soundcloud.com/089mischka,27,,,,,,,,,,,
https://soundcloud.com/089connectz,6,http://www.089connectz.de,http://www.youtube.com/user/089connectZ,http://www.facebook.com/pages/089connectZ/214281368592899,,,,,,,,
https://soundcloud.com/089fm,7,,,,,,,,,,,
https://soundcloud.com/089e,0,,,,,,,,,,,
https://soundcloud.com/089mie,0,,,,,,,,,,,
https://soundcloud.com/089tevr7borg,4,,,,,,,,,,,
https://soundcloud.com/08_01,0,,,,,,,,,,,
https://soundcloud.com/08_08_95,18,,https://www.youtube.com/channel/UC3-7327GhohJr-HYG93VeUA,,,,,,,,,
https://soundcloud.com/08_05_2001,5,https://Aug05ng.Wixsite.com/website,,,https://twitter.com/official_aug05,https://instagram.com//official_aug05//,,,,,aug05ng@gmail.com,
https://soundcloud.com/089n,14,,,,,,,,,,,
https://soundcloud.com/08_03_14_liya_ray,0,,,,,,,,,,,
https://soundcloud.com/089yan,4,,,,,,,,,,,
https://soundcloud.com/08_08_96,28,,,,,,,,,,,
https://soundcloud.com/08_06_1996,38,,,,,,,,,,,
https://soundcloud.com/089official,0,,,,,,,,,,,
https://soundcloud.com/089records,3,,,,,,,,,,,
https://soundcloud.com/089sandler,222,,,,,https://www.instagram.com/philone089/,,,,,,
https://soundcloud.com/089sk,6,,,,,,,,,,,
https://soundcloud.com/089soundz,3,,,,,,,,,,,
https://soundcloud.com/089tana,0,,,,,,,,,,,
https://soundcloud.com/08_09_20,2,,,,,,,,,,,
https://soundcloud.com/08_12_94,8,,,,,,,,,,,
https://soundcloud.com/08_23,558,,,,,,,https://t.me/guteerinnerungen,,,,
https://soundcloud.com/08_13,67,,,,,,,,,,,
https://soundcloud.com/08_11111,133,,,,,,,,,,,
https://soundcloud.com/08_jas-steezie,3,,,,,,,,,,,
https://soundcloud.com/08_t,1,,,,,,,,,,,
https://soundcloud.com/08_28,3,,,https://www.facebook.com/dank.jpn.5,https://twitter.com/Dank_jpn,https://www.instagram.com/dank.jpn/,,,,,,
https://soundcloud.com/08_nguy-n-th-y-th-y-d-ng_11a13,0,,,,,,,,,,,
https://soundcloud.com/08_pornpipat-palasean_electric,0,,,,,,,,,,,
https://soundcloud.com/08_motiv3,11,,,,,,,,,,,
https://soundcloud.com/08_utopia_seafood,0,,,,,,,,,,,
https://soundcloud.com/08_pavan-joshi,0,,,,,,,,,,,
https://soundcloud.com/08_80,17,,,,,,,,,,,
https://soundcloud.com/08_soumitra_mandal,0,,,,,,,,,,,
https://soundcloud.com/08_95,11,,,,,,,,,,,
https://soundcloud.com/08_annette-rania-asya,0,,,,,,,,,,,
https://soundcloud.com/08_b-o-c,0,,,,,,,,,,,
https://soundcloud.com/08_elsa,0,,,,,,,,,,,
https://soundcloud.com/08_helena-anne-taurika,0,,,,,,,,,,,
https://soundcloud.com/08_yemzzymusic,0,http://hulkshare.com/yemzzy,http://youtu.be/Jhxxh7dQeMg,,,,,,,,,
https://soundcloud.com/08adi_yoga,0,,,,,,,,,,,
https://soundcloud.com/08a-anton-toft,13,,,,,,,,,,,
https://soundcloud.com/08_zerohachi,1,,,,,,,,,,,
https://soundcloud.com/08adarli,0,,,,,,,,,,,
https://soundcloud.com/08c7,0,,,,,,,,,,,
https://soundcloud.com/08bws4ntlb3j,8,,,,,,,,,,,
https://soundcloud.com/08bintang_aqiela,0,,,,,,,,,,,
https://soundcloud.com/08clackl,2,,,,,,,,,,,
https://soundcloud.com/08bowen,2,,,,,,,,,,,
https://soundcloud.com/08beatworld_ncrmusic,10,https://bit.ly/3i2fUsY,https://www.youtube.com/c/BeatWorldNCRMUSIC,,,https://www.instagram.com/beatworld_ncr_music05/,,,,,,
https://soundcloud.com/08bar,468,http://www.08bar.nl,,http://www.facebook.com/pages/08Bar/171791657664?fref=ts,http://www.twitter.com/08baramsterdam,,,,,,,
https://soundcloud.com/08aesthetics,0,,,,,,,,,,,
https://soundcloud.com/08boy,0,,,,,,,,,,,
https://soundcloud.com/08cdsmg33qcs,0,,,,,,,,,,,
https://soundcloud.com/08c,492,,,,,,,,,,,
https://soundcloud.com/08blitz,39,,,,,,,,,,,
https://soundcloud.com/08bee13,33,,,,,,,,,,,
https://soundcloud.com/08brandonh,1,,,,,,,,,,,
https://soundcloud.com/08cg5uezb0jm,4,,,,,,,,,,,
https://soundcloud.com/08c6l6ygfv0p,0,,,,,,,,,,,
https://soundcloud.com/08bossyinglive,618,,,,,,,,,,,
https://soundcloud.com/08bfiknr3tpx,1,,,,,,,,,,,
https://soundcloud.com/08agarathi,2,,,,,,,,,,,
https://soundcloud.com/08bavjxv3o4l,0,,,,,,,,,,,
https://soundcloud.com/08cleavera,1,,,,,,,,,,,
https://soundcloud.com/08aid4rs5jqq,0,,,,,,,,,,,
https://soundcloud.com/08beats,1,,,,,,,,,,,
https://soundcloud.com/08cliq,1,,,,,,,,,,,
https://soundcloud.com/08akapammi,12,,,,,,,,,,,
https://soundcloud.com/08alann,0,,,,,,,,,,,
https://soundcloud.com/08changeit,0,https://linktr.ee/08changeit,,,,,,,,,,
https://soundcloud.com/08aldens,0,,,,,,,,,,,
https://soundcloud.com/08chevyimpala,1,https://genius.com/artists/08-chevy-impala,,,,,,,,,,
https://soundcloud.com/08algngina,32,,,,,,,,,,,
https://soundcloud.com/08ci9dop313o,0,,,,,,,,,,,
https://soundcloud.com/08alterr,53,,,,,,,,,,,
https://soundcloud.com/08andrewss,0,,,,,,,,,,,
https://soundcloud.com/08angelfajardo,66,,,,,,,,,,,
https://soundcloud.com/08anurut-wetchakama,1,,,,,,,,,,,
https://soundcloud.com/08anya,0,,,,,,,,,,,
https://soundcloud.com/08aqa6odp9q7,0,,,,,,,,,,,
https://soundcloud.com/08aqphgawwdq,5,,,,,,,,,,,
https://soundcloud.com/08ay4ezgnpsy,6,,,,,,,,,,,
https://soundcloud.com/08b,4,,http://youtube.com/deqa,,http://twitter.com/azn,,,,,,,
https://soundcloud.com/08babyp,2,,,,,,,,,,,
https://soundcloud.com/08ctseven,0,,,,,,,,,,,
https://soundcloud.com/08code,9,,,,,,,,,,,
https://soundcloud.com/08cxzt4y7wia,10,,,,,,,,,,,
https://soundcloud.com/08crf3wes9jz,3,,,,,,,,,,,
https://soundcloud.com/08d,0,,,,,,,,,,,
https://soundcloud.com/08clot,25,,,,,,,,,,,
https://soundcloud.com/08clubkidd,124,,,,,,,,,,,
https://soundcloud.com/08crokera,0,,,,,,,,,,,
https://soundcloud.com/08clubkidd-435832613,3,,,,,,,,,,,
https://soundcloud.com/08d-mille-mary-vistrup-staehr-rantzausmindeskole,0,,,,,,,,,,,
https://soundcloud.com/08e94pdutmpq,16,,,,,,,,,,,
https://soundcloud.com/08eman80,53,http://vk.com/emangotit,,,,http://instagram.com/08eman80,,,,,eman080@icloud.com,
https://soundcloud.com/08farcm528f2,123,,,,,,,,,,,
https://soundcloud.com/08fticik5y0x,1,,,,,,,,,,,
https://soundcloud.com/08eylesl,0,,,,,,,,,,,
https://soundcloud.com/08ecroud,8,,,,,,,,,,,
https://soundcloud.com/08fortunej,0,,,,,,,,,,,
https://soundcloud.com/08fngulqy3gn,0,,,,,,,,,,,
https://soundcloud.com/08fuenf10,0,,,,,,,,,,,
https://soundcloud.com/08eab,0,,,,,,,,,,,
https://soundcloud.com/08d3tfys0khy,12,,,,,,,,,,,
https://soundcloud.com/08fur10,1,,,,,,,,,,,
https://soundcloud.com/08eodfdirlkl,2,,,,,,,,,,,
https://soundcloud.com/08feng,0,,,,,,,,,,,
https://soundcloud.com/08f,2532,,,,,,,,,,,
https://soundcloud.com/08edgellt,0,,,,,,,,,,,
https://soundcloud.com/08d72xqwqf1y,0,,,,,,,,,,,
https://soundcloud.com/08eamassej,4,,,,,,,,,,,
https://soundcloud.com/08eqihis5hvj,0,,,,,,,,,,,
https://soundcloud.com/08flavors,6,,,,,,,,,,,
https://soundcloud.com/08eins,31,http://discogs.com/label/08EINS,,,,,,,,,,
https://soundcloud.com/08f-r10,20,,,,,,,,,,,
https://soundcloud.com/08d8qzx5qce0,2,,,,,,,,,,,
https://soundcloud.com/08fr,0,,,,,,,,,,,
https://soundcloud.com/08fnpwnks4d8,1,,,,,,,,,,,
https://soundcloud.com/08daman,7,,,,,,,,,,,
https://soundcloud.com/08foreverg,0,,,,,,,,,,,
https://soundcloud.com/08freemason,0,,,,,,,,,,,
https://soundcloud.com/08daniel04,0,https://Egozi.cf,,,,https://www.instagram.com/daniel_shtein/,,,,,,
https://soundcloud.com/08danielle27,7,,,,,,,,,,,
https://soundcloud.com/08daniielrap,3,,,,,,,,,,,
https://soundcloud.com/08daviesj,603,,,https://www.facebook.com/search/top/?q=cabana liverpool,,,,,,,,
https://soundcloud.com/08dd4fbjjzjp,0,,,,,,,,,,,
https://soundcloud.com/08dec,7,,,,,,,,,,,
https://soundcloud.com/08december,47,,,,,,,,,,,
https://soundcloud.com/08decembermmi,1,,,,,,,,,,,
https://soundcloud.com/08denmanl,2,,,,,,,,,,,
https://soundcloud.com/08dezireedeziree,7,,,,,https://www.facebook.com/profile.php?id=100008441405063http://  http://instagram.com/ka.de_/,,,,,,
https://soundcloud.com/08dlucchesi,0,,,,,,,,,,,
https://soundcloud.com/08dlxk7gxz3k,0,,,,,,,,,,,
https://soundcloud.com/08gibsonj,2,,https://www.youtube.com/user/2000fullmetal,,,,,,,,,
https://soundcloud.com/08g1cpy0hzls,0,,,,,,,,,,,
https://soundcloud.com/08future,0,,,,,,,,,,,
https://soundcloud.com/08gibsonjvoice,1,,,,,,,,,,,
https://soundcloud.com/08fwo0r9wm6i,0,,,,,,,,,,alexander30425959@gmail.com,
https://soundcloud.com/08girl-music,0,,,,,,,,,,,
https://soundcloud.com/08g,0,,,,,,,,,,,
https://soundcloud.com/08gesok,7,,,,,,,,,,,
